{"City":"Cedartown","County":"Polk","EMSRegion":1,"Hospital":"Polk Medical Center","Latitude":34.014291,"Longitude":-85.1961955579,"Phone Number":7707482500,"RegCoord":"C","Specialty center":["Adult Trauma Centers-Level IV"],"Street":"2360 Rockmart Hwy","Zip":30125}
{"City":"Hiram","County":"Paulding","EMSRegion":1,"Hospital":"Wellstar Paulding Hospital","Latitude":33.90088225,"Longitude":-84.7810234463,"Phone Number":4706447000,"RegCoord":"N","Specialty center":[],"Street":"2518 Jimmy Lee Smith Pkwy","Zip":30141}
{"City":"Jasper","County":"Pickens","EMSRegion":1,"Hospital":"Piedmont Mountainside","Latitude":34.44646615,"Longitude":-84.4471786199,"Phone Number":7066922441,"RegCoord":"A","Specialty center":[],"Street":"1266 GA-515","Zip":30143}
{"City":"Canton","County":"Cherokee","EMSRegion":1,"Hospital":"Northside - Cherokee Hospital","Latitude":34.22885345,"Longitude":-84.4647116621,"Phone Number":7702241000,"RegCoord":"N","Specialty center":[],"Street":"450 Northside Cherokee Blvd","Zip":30115}
{"City":"Cartersville","County":"Bartow","EMSRegion":1,"Hospital":"Cartersville Medical Ctr","Latitude":34.20080325,"Longitude":-84.7957302314,"Phone Number":4704901000,"RegCoord":"C","Specialty center":["Adult Trauma Centers-Level III","Stroke Centers-Primary Stroke Center","Maternal Center Designation-Level I Maternal Center"],"Street":"960 Joe Frank Harris Pkwy SE","Zip":30120}
{"City":"Bremen","County":"Haralson","EMSRegion":1,"Hospital":"HCC-C Tanner Higgins","Latitude":33.71693155,"Longitude":-85.145084224,"Phone Number":7708122000,"RegCoord":"C","Specialty center":[],"Street":"200 Allen Memorial Dr","Zip":30110}
{"City":"Chatsworth","County":"Murray","EMSRegion":1,"Hospital":"Advent Health Murray","Latitude":34.7801792,"Longitude":-84.7828514286,"Phone Number":7066954564,"RegCoord":"A","Specialty center":[],"Street":"707 Old Dalton Ellijay Rd","Zip":30705}
{"City":"Rome","County":"Floyd","EMSRegion":1,"Hospital":"Floyd Medical Center","Latitude":34.25913855,"Longitude":-85.1783506097,"Phone Number":7065095000,"RegCoord":"C","Specialty center":[],"Street":"304 Turner McCall Blvd","Zip":30161}
{"City":"Blue Ridge","County":"Fannin","EMSRegion":1,"Hospital":"Fannin Regional","Latitude":34.9168,"Longitude":-84.3754,"Phone Number":7066323711,"RegCoord":"A","Specialty center":[],"Street":"2855 Old Hwy 5 North","Zip":30513}
{"City":"Calhoun","County":"Gordon","EMSRegion":1,"Hospital":"Advent Health Gordon","Latitude":34.5117289293,"Longitude":-84.9204318244,"Phone Number":7066027800,"RegCoord":"A","Specialty center":[],"Street":"1035 Red Bud Rd NE","Zip":30701}
{"City":"Rome","County":"Floyd","EMSRegion":1,"Hospital":"Redmond Regional Medical Ctr","Latitude":34.27712245,"Longitude":-85.1961092919,"Phone Number":7062910291,"RegCoord":"C","Specialty center":["Adult Trauma Centers-Level III","Stroke Centers-Comprehensive Stroke Center","Emergency Cardiac Care Center-Level I ECCC"],"Street":"501 Redmond Rd","Zip":30165}
{"City":"Dalton","County":"Whitfield","EMSRegion":1,"Hospital":"Hamilton Medical Center","Latitude":34.7886079,"Longitude":-84.9840889639,"Phone Number":7062726195,"RegCoord":"A","Specialty center":[],"Street":"1200 Memorial Dr","Zip":30720}
{"City":"Fort Oglethorpe","County":"Catoosa","EMSRegion":1,"Hospital":"CHI Memorial GA","Latitude":34.9468129,"Longitude":-85.262844,"Phone Number":7068582000,"RegCoord":"A","Specialty center":[],"Street":"100 Gross Crescent","Zip":30742}
{"City":"Lavonia","County":"Franklin","EMSRegion":2,"Hospital":"St. Marys Sacred Heart Hospital","Latitude":34.4371573,"Longitude":-83.132228,"Phone Number":7063567800,"RegCoord":"E","Specialty center":[],"Street":"367 Clear Creek Dr","Zip":30553}
{"City":"Dahlonega","County":"Lumpkin","EMSRegion":2,"Hospital":"NGMC Lumpkin","Latitude":34.52281985,"Longitude":-83.9755451426,"Phone Number":7702199000,"RegCoord":"B","Specialty center":[],"Street":"227 Mountain Dr","Zip":30533}
{"City":"Braselton","County":"Hall","EMSRegion":2,"Hospital":"NGMC Braselton","Latitude":34.120722,"Longitude":-83.838153,"Phone Number":7708488000,"RegCoord":"B","Specialty center":[],"Street":"1400 River Place","Zip":30517}
{"City":"Gainesville","County":"Hall","EMSRegion":2,"Hospital":"NGMC Gainesville RCH","Latitude":34.3044194,"Longitude":-83.8162315955,"Phone Number":7702199000,"RegCoord":"B","Specialty center":[],"Street":"743 Spring Street","Zip":30501}
{"City":"Cumming","County":"Forsyth","EMSRegion":2,"Hospital":"Northside - Forsyth Hospital","Latitude":34.1779101,"Longitude":-84.1409857454,"Phone Number":7708443200,"RegCoord":"D","Specialty center":[],"Street":"1200 Northside Forsyth Dr","Zip":30041}
{"City":"Clayton","County":"Rabun","EMSRegion":2,"Hospital":"Mountain Lakes Medical Center","Latitude":34.878163,"Longitude":-83.401904,"Phone Number":7067823100,"RegCoord":"B","Specialty center":[],"Street":"162 Legacy Point","Zip":30525}
{"City":"Toccoa","County":"Stephens","EMSRegion":2,"Hospital":"Stephens County Hospital","Latitude":34.59401,"Longitude":-83.3482,"Phone Number":7062824200,"RegCoord":"B","Specialty center":["Neonatal Center Designation-Level II Neonatal Center","Maternal Center Designation-Level I Maternal Center"],"Street":"163 Hospital Rd","Zip":30577}
{"City":"Demorest","County":"Habersham","EMSRegion":2,"Hospital":"Habersham Medical Center","Latitude":34.5603,"Longitude":-83.54764,"Phone Number":7067542161,"RegCoord":"B","Specialty center":[],"Street":"541 Historic Hwy #441-N","Zip":30535}
{"City":"Blairsville","County":"Union","EMSRegion":2,"Hospital":"Union General Hospital","Latitude":34.88552835,"Longitude":-83.9619224272,"Phone Number":7067452111,"RegCoord":"B","Specialty center":[],"Street":"35 Hospital Rd","Zip":30512}
{"City":"Hiawassee","County":"Towns","EMSRegion":2,"Hospital":"Chatuge Regional Hospital","Latitude":34.94622,"Longitude":-83.7542,"Phone Number":7068962222,"RegCoord":"B","Specialty center":[],"Street":"110 S Main St","Zip":30546}
{"City":"Atlanta","County":"Fulton","EMSRegion":3,"Hospital":"WellStar - AMC","Latitude":33.76285845,"Longitude":-84.3730967557,"Phone Number":4042654000,"RegCoord":"D","Specialty center":[],"Street":"303 Parkway Dr NE","Zip":30312}
{"City":"Snellville","County":"Gwinnett","EMSRegion":3,"Hospital":"Eastside Medical Center","Latitude":33.8766816,"Longitude":-84.0215150287,"Phone Number":7709790200,"RegCoord":"D","Specialty center":[],"Street":"1700 Medical Way","Zip":30078}
{"City":"Lithonia","County":"DeKalb","EMSRegion":3,"Hospital":"Emory - Hillandale Hospital","Latitude":33.7057912,"Longitude":-84.1483114409,"Phone Number":4045018000,"RegCoord":"D","Specialty center":[],"Street":"2801 Dekalb Medical Pkwy","Zip":30058}
{"City":"Atlanta","County":"Fulton","EMSRegion":3,"Hospital":"WellStar - AMC South","Latitude":33.68143,"Longitude":-84.4269,"Phone Number":4044661170,"RegCoord":"D","Specialty center":[],"Street":"1170 Cleveland Ave","Zip":30344}
{"City":"Decatur","County":"DeKalb","EMSRegion":3,"Hospital":"Emory - Decatur Hospital","Latitude":33.7917584,"Longitude":-84.2981244,"Phone Number":4045011000,"RegCoord":"D","Specialty center":[],"Street":"2701 N Decatur Rd","Zip":30033}
{"City":"Atlanta","County":"Fulton","EMSRegion":3,"Hospital":"Piedmont - Atlanta Hospital","Latitude":33.808554111,"Longitude":-84.3936393641,"Phone Number":4046055000,"RegCoord":"D","Specialty center":["Stroke Centers-Primary Stroke Center"],"Street":"1968 Peachtree Rd NW","Zip":30309}
{"City":"Atlanta","County":"Fulton","EMSRegion":3,"Hospital":"Northside - Atlanta Hospital","Latitude":33.907887,"Longitude":-84.35478,"Phone Number":4048518000,"RegCoord":"D","Specialty center":[],"Street":"1000 Johnson Ferry Rd NE","Zip":30342}
{"City":"Atlanta","County":"Fulton","EMSRegion":3,"Hospital":"Emory - St. Joseph's Hospital","Latitude":33.8553449,"Longitude":-84.3579913,"Phone Number":6788437001,"RegCoord":"D","Specialty center":[],"Street":"5665 Peachtree Dunwoody Rd","Zip":30342}
{"City":"Atlanta","County":"Fulton","EMSRegion":3,"Hospital":"Emory - University Hospital Midtown","Latitude":33.77019035,"Longitude":-84.386279487,"Phone Number":4046864411,"RegCoord":"D","Specialty center":["Stroke Centers-Primary Stroke Center","Neonatal Center Designation-Level III Neonatal Center","Maternal Center Designation-Level III Maternal Center"],"Street":"550 Peachtree St NE","Zip":30308}
{"City":"Atlanta","County":"Fulton","EMSRegion":3,"Hospital":"Grady Health System","Latitude":33.754227,"Longitude":-84.380455,"Phone Number":4046161000,"RegCoord":"D","Specialty center":["Adult Trauma Centers-Level I","Stroke Centers-Comprehensive Stroke Center"],"Street":"80 Jesse Hill Jr Dr SE","Zip":30303}
{"City":"Atlanta","County":"Fulton","EMSRegion":3,"Hospital":"CHOA - Hughes Spalding","Latitude":33.754833,"Longitude":-84.38021,"Phone Number":4047855437,"RegCoord":"D","Specialty center":[],"Street":"35 Jesse Hill Jr Dr SE","Zip":30303}
{"City":"Atlanta","County":"DeKalb","EMSRegion":3,"Hospital":"Emory - University Hospital","Latitude":33.792151,"Longitude":-84.3220829137,"Phone Number":4047122000,"RegCoord":"D","Specialty center":["Stroke Centers-Comprehensive Stroke Center"],"Street":"1364 Clifton Rd","Zip":30322}
{"City":"Duluth","County":"Gwinnett","EMSRegion":3,"Hospital":"Northside - Duluth Hospital","Latitude":33.9997323299,"Longitude":-84.1671392161,"Phone Number":6783126800,"RegCoord":"D","Specialty center":["Stroke Centers-Primary Stroke Center"],"Street":"3620 Howell Ferry Rd NW","Zip":30096}
{"City":"Lawrenceville","County":"Gwinnett","EMSRegion":3,"Hospital":"Northside - Gwinnett","Latitude":33.96318035,"Longitude":-84.0169666556,"Phone Number":6783121000,"RegCoord":"D","Specialty center":["Adult Trauma Centers-Level II","Stroke Centers-Primary Stroke Center","Neonatal Center Designation-Level III Neonatal Center"],"Street":"1000 Medical Center Blvd","Zip":30046}
{"City":"Austell","County":"Cobb","EMSRegion":3,"Hospital":"Wellstar Cobb Hospital","Latitude":33.830145,"Longitude":-84.613367,"Phone Number":4707324000,"RegCoord":"N","Specialty center":["Adult Trauma Centers-Level III","Stroke Centers-Primary Stroke Center","Neonatal Center Designation-Level III Neonatal Center"],"Street":"3950 Austell Rd SW","Zip":30106}
{"City":"Atlanta","County":"DeKalb","EMSRegion":3,"Hospital":"CHOA - Egleston","Latitude":33.7689292,"Longitude":-84.33302,"Phone Number":4047855437,"RegCoord":"D","Specialty center":["Pediatric Trauma Centers-Pediatric Level I","Neonatal Center Designation-Level III Neonatal Center"],"Street":"1405 Clifton Rd NE","Zip":30322}
{"City":"Riverdale","County":"Clayton","EMSRegion":3,"Hospital":"Southern Regional Medical Center","Latitude":33.57933265,"Longitude":-84.3895920046,"Phone Number":7709918000,"RegCoord":"D","Specialty center":["Neonatal Center Designation-Level III Neonatal Center"],"Street":"11 Upper Riverdale Rd","Zip":30274}
{"City":"East Point","County":"DeKalb","EMSRegion":3,"Hospital":"Atlanta VA Health Care System","Latitude":33.679405,"Longitude":-84.4399,"Phone Number":4043216111,"RegCoord":"D","Specialty center":["Emergency Cardiac Care Center-Level I ECCC"],"Street":"1513 Cleveland Ave building 300","Zip":30344}
{"City":"Covington","County":"Newton","EMSRegion":3,"Hospital":"Piedmont - Newton Hospital","Latitude":33.60140635,"Longitude":-83.8477615624,"Phone Number":7707867053,"RegCoord":"D","Specialty center":[],"Street":"5126 Hospital Dr NE","Zip":30014}
{"City":"Roswell","County":"Fulton","EMSRegion":3,"Hospital":"WellStar - North Fulton Hospital","Latitude":34.06313805,"Longitude":-84.3201691339,"Phone Number":7707512500,"RegCoord":"D","Specialty center":["Adult Trauma Centers-Level II","Stroke Centers-Primary Stroke Center","Emergency Cardiac Care Center-Level II ECCC"],"Street":"3000 Hospital Blvd","Zip":30076}
{"City":"Marietta","County":"Cobb","EMSRegion":3,"Hospital":"WellStar Kennestone Hospital","Latitude":33.96859775,"Longitude":-84.5529050297,"Phone Number":7707935000,"RegCoord":"N","Specialty center":["Adult Trauma Centers-Level II","Stroke Centers-Comprehensive Stroke Center","Emergency Cardiac Care Center-Level I ECCC"],"Street":"677 Church St","Zip":30060}
{"City":"Douglasville","County":"Douglas","EMSRegion":3,"Hospital":"Wellstar Douglas Hospital","Latitude":33.73890425,"Longitude":-84.7318192581,"Phone Number":7709491500,"RegCoord":"N","Specialty center":[],"Street":"8954 Hospital Dr","Zip":30134}
{"City":"Johns Creek","County":"Fulton","EMSRegion":3,"Hospital":"Emory - Johns Creek Hospital","Latitude":34.0668824,"Longitude":-84.1761616011,"Phone Number":6784747000,"RegCoord":"D","Specialty center":[],"Street":"6325 Hospital Pkwy","Zip":30097}
{"City":"Atlanta","County":"Fulton","EMSRegion":3,"Hospital":"CHOA - Scottish Rite","Latitude":33.907875,"Longitude":-84.35478,"Phone Number":4047855437,"RegCoord":"D","Specialty center":["Pediatric Trauma Centers-Pediatric Level II","Neonatal Center Designation-Level III Neonatal Center"],"Street":"1001 Johnson Ferry Rd NE","Zip":30342}
{"City":"Tucker","County":"DeKalb","EMSRegion":3,"Hospital":"Emory University Orthopaedics and Spine Hospital","Latitude":33.8260142,"Longitude":-84.2478082,"Phone Number":4042513000,"RegCoord":"D","Specialty center":[],"Street":"1455 Montreal Rd E","Zip":30084}
{"City":"Atlanta","County":"Fulton","EMSRegion":3,"Hospital":"GWCC ACF","Latitude":33.7581064124,"Longitude":-84.3966739418,"Phone Number":4042234000,"RegCoord":null,"Specialty center":[],"Street":"285 Andrew Young International Blvd NW","Zip":30313}
{"City":"Fayetteville","County":"Fayette","EMSRegion":4,"Hospital":"Piedmont - Fayette Hospital","Latitude":33.4521,"Longitude":-84.5116,"Phone Number":7707197000,"RegCoord":"D","Specialty center":["Stroke Centers-Primary Stroke Center"],"Street":"1255 Highway 54 West","Zip":30214}
{"City":"Stockbridge","County":"Henry","EMSRegion":4,"Hospital":"Piedmont Henry Hospital","Latitude":33.5185389,"Longitude":-84.1976648,"Phone Number":6786041000,"RegCoord":"F","Specialty center":["Stroke Centers-Primary Stroke Center"],"Street":"1133 Eagle's Landing Parkway","Zip":30281}
{"City":"Griffin","County":"Spalding","EMSRegion":4,"Hospital":"WellStar Spalding Regional Hospital","Latitude":33.23896225,"Longitude":-84.2672392499,"Phone Number":7702282721,"RegCoord":"F","Specialty center":[],"Street":"601 S 8th St","Zip":30224}
{"City":"Jackson","County":"Butts","EMSRegion":4,"Hospital":"WellStar Sylvan Grove Hospital","Latitude":33.3034971332,"Longitude":-83.978657679,"Phone Number":7707757861,"RegCoord":null,"Specialty center":[],"Street":"1050 McDonough Rd","Zip":30233}
{"City":"Newnan","County":"Coweta","EMSRegion":4,"Hospital":"Piedmont Newnan","Latitude":33.3575598,"Longitude":-84.7555704845,"Phone Number":7704001000,"RegCoord":"C","Specialty center":["Stroke Centers-Primary Stroke Center","Neonatal Center Designation-Level III Neonatal Center"],"Street":"745 Poplar Rd","Zip":30265}
{"City":"Villa Rica","County":"Carroll","EMSRegion":4,"Hospital":"Tanner Medical Center Villa Rica","Latitude":33.74539685,"Longitude":-84.9164803348,"Phone Number":7708123000,"RegCoord":"C","Specialty center":["Stroke Centers-Primary Stroke Center","Neonatal Center Designation-Level I Neonatal Center","Maternal Center Designation-Level I Maternal Center"],"Street":"601 Dallas Hwy","Zip":30180}
{"City":"LaGrange","County":"Troup","EMSRegion":4,"Hospital":"WellStar West Georgia Medical Center","Latitude":33.0323566,"Longitude":-85.0586694144,"Phone Number":7068821411,"RegCoord":"I","Specialty center":[],"Street":"1514 Vernon Rd","Zip":30240}
{"City":"Thomaston","County":"Upson","EMSRegion":4,"Hospital":"Upson Regional Medical Center","Latitude":32.88590945,"Longitude":-84.3363940917,"Phone Number":7066478111,"RegCoord":"F","Specialty center":[],"Street":"801 W Gordon St","Zip":30286}
{"City":"Carrollton","County":"Carroll","EMSRegion":4,"Hospital":"Tanner Medical Center Carrollton","Latitude":33.5697284,"Longitude":-85.07421665,"Phone Number":7708129666,"RegCoord":"C","Specialty center":["Stroke Centers-Primary Stroke Center","Neonatal Center Designation-Level III Neonatal Center","Maternal Center Designation-Level II Maternal Center"],"Street":"705 Dixie St","Zip":30117}
{"City":"Warm Springs","County":"Meriwether","EMSRegion":4,"Hospital":"Warm Springs Medical Center","Latitude":32.8898199,"Longitude":-84.6829839188,"Phone Number":7066553331,"RegCoord":"I","Specialty center":[],"Street":"5995 Spring St","Zip":31830}
{"City":"Dublin","County":"Laurens","EMSRegion":5,"Hospital":"Fairview Park Hospital","Latitude":32.5320682,"Longitude":-82.9501670492,"Phone Number":4782752000,"RegCoord":"H","Specialty center":[],"Street":"200 Industrial Blvd","Zip":31021}
{"City":"Perry","County":"Houston","EMSRegion":5,"Hospital":"Perry Hospital","Latitude":32.45895995,"Longitude":-83.709725515,"Phone Number":4789873600,"RegCoord":"F","Specialty center":[],"Street":"1120 Morningside Dr","Zip":31069}
{"City":"Milledgeville","County":"Baldwin","EMSRegion":5,"Hospital":"Navicent Health Baldwin","Latitude":33.0896823,"Longitude":-83.2459231069,"Phone Number":4787764000,"RegCoord":"H","Specialty center":[],"Street":"821 N Cobb St","Zip":31061}
{"City":"Macon","County":"Bibb","EMSRegion":5,"Hospital":"Coliseum Northside Hospital","Latitude":32.87147215,"Longitude":-83.6944519163,"Phone Number":4787578200,"RegCoord":"F","Specialty center":[],"Street":"400 Charter Blvd","Zip":31210}
{"City":"Macon","County":"Bibb","EMSRegion":5,"Hospital":"Coliseum Medical Center","Latitude":32.8466491,"Longitude":-83.6189575368,"Phone Number":4787657000,"RegCoord":"F","Specialty center":[],"Street":"350 Hospital Dr","Zip":31217}
{"City":"Hawkinsville","County":"Pulaski","EMSRegion":5,"Hospital":"Taylor Regional Hospital","Latitude":32.29786495,"Longitude":-83.4847152589,"Phone Number":4787830200,"RegCoord":"H","Specialty center":["Adult Trauma Centers-Level IV"],"Street":"222 Perry Hwy","Zip":31036}
{"City":"Macon","County":"Bibb","EMSRegion":5,"Hospital":"Medical Center, Navicent Health","Latitude":32.834028,"Longitude":-83.6362914,"Phone Number":4786331000,"RegCoord":"F","Specialty center":["Adult Trauma Centers-Level I"],"Street":"777 Hemlock St","Zip":31201}
{"City":"Warner Robins","County":"Houston","EMSRegion":5,"Hospital":"Houston Medical Center","Latitude":32.6166157,"Longitude":-83.6307365412,"Phone Number":4789224281,"RegCoord":"F","Specialty center":[],"Street":"1601 Watson Blvd","Zip":31093}
{"City":"Eastman","County":"Dodge","EMSRegion":5,"Hospital":"Dodge County Hospital","Latitude":32.1852265,"Longitude":-83.1778105536,"Phone Number":4784484000,"RegCoord":"H","Specialty center":[],"Street":"901 Griffin Ave","Zip":31023}
{"City":"Byron","County":"Peach","EMSRegion":5,"Hospital":"Medical Center of Peach County","Latitude":32.6066,"Longitude":-83.76084,"Phone Number":4786542000,"RegCoord":null,"Specialty center":[],"Street":"1960 GA-247CONN","Zip":31008}
{"City":"Monticello","County":"Jasper","EMSRegion":5,"Hospital":"Jasper Memorial Hospital","Latitude":33.3144326,"Longitude":-83.6863431503,"Phone Number":7064688826,"RegCoord":"H","Specialty center":[],"Street":"898 College St","Zip":31064}
{"City":"Eatonton","County":"Putnam","EMSRegion":5,"Hospital":"Putnam General Hospital","Latitude":33.3355,"Longitude":-83.37089,"Phone Number":7064852711,"RegCoord":"H","Specialty center":[],"Street":"101 Lake Oconee Pkwy","Zip":31024}
{"City":"Forsyth","County":"Monroe","EMSRegion":5,"Hospital":"Monroe County Hospital","Latitude":33.03167095,"Longitude":-83.9455894929,"Phone Number":4789942521,"RegCoord":"F","Specialty center":[],"Street":"88 Martin Luther King Jr Dr","Zip":31029}
{"City":"Sandersville","County":"Washington","EMSRegion":5,"Hospital":"Washington County Regional Medical Center","Latitude":32.9955768,"Longitude":-82.8044346953,"Phone Number":4782402000,"RegCoord":"H","Specialty center":[],"Street":"610 Sparta Rd","Zip":31082}
{"City":"Cochran","County":"Bleckley","EMSRegion":5,"Hospital":"Bleckley Memorial Hospital","Latitude":32.3813766087,"Longitude":-83.3495365652,"Phone Number":4789346211,"RegCoord":"H","Specialty center":[],"Street":"145 Peacock St","Zip":31014}
{"City":"Macon","County":"Macon","EMSRegion":5,"Hospital":"Regency Hospital of Central Georgia","Latitude":32.835286,"Longitude":-83.636908,"Phone Number":4786338260,"RegCoord":"F","Specialty center":[],"Street":"700 Spring St","Zip":31201}
{"City":"Waynesboro","County":"Burke","EMSRegion":6,"Hospital":"Burke Medical Center","Latitude":33.0837743846,"Longitude":-82.0119435385,"Phone Number":7065544435,"RegCoord":"G","Specialty center":[],"Street":"351 S Liberty St","Zip":30830}
{"City":"Swainsboro","County":"Emanuel","EMSRegion":6,"Hospital":"Emanuel Medical Center","Latitude":32.59315,"Longitude":-82.3419,"Phone Number":4782891100,"RegCoord":"G","Specialty center":[],"Street":"117 Kight Rd","Zip":30401}
{"City":"Augusta","County":"Richmond","EMSRegion":6,"Hospital":"Doctors Hospital","Latitude":33.4864304,"Longitude":-82.0945236419,"Phone Number":7066513232,"RegCoord":"G","Specialty center":["Adult Trauma Centers-Level II","Stroke Centers-Primary Stroke Center","Neonatal Center Designation-Level I Neonatal Center","Maternal Center Designation-Level I Maternal Center"],"Street":"3651 Wheeler Rd","Zip":30909}
{"City":"Millen","County":"Jenkins","EMSRegion":6,"Hospital":"Jenkins County Medical Center","Latitude":32.8043291,"Longitude":-81.9345588,"Phone Number":4789824221,"RegCoord":"G","Specialty center":[],"Street":"931 E Winthrope Ave","Zip":30442}
{"City":"Augusta","County":"Richmond","EMSRegion":6,"Hospital":"University Hospital","Latitude":33.47126795,"Longitude":-81.9823733861,"Phone Number":7067229011,"RegCoord":"G","Specialty center":[],"Street":"1350 Walton Way","Zip":30901}
{"City":"Augusta","County":"Richmond","EMSRegion":6,"Hospital":"Augusta University Medical Center","Latitude":33.47110005,"Longitude":-81.9898167463,"Phone Number":7067212273,"RegCoord":"G","Specialty center":["Adult Trauma Centers-Level I","Pediatric Trauma Centers-Pediatric Level II","Stroke Centers-Comprehensive Stroke Center"],"Street":"1120 15th St","Zip":30912}
{"City":"Augusta","County":"Richmond","EMSRegion":6,"Hospital":"University Hospital-Summerville","Latitude":33.4663468,"Longitude":-82.017611379,"Phone Number":7064817000,"RegCoord":"G","Specialty center":[],"Street":"2260 Wrightsboro Rd","Zip":30904}
{"City":"Thomson","County":"McDuffie","EMSRegion":6,"Hospital":"University Hospital-McDuffie","Latitude":33.4941433,"Longitude":-82.5041773,"Phone Number":7065951411,"RegCoord":"G","Specialty center":["Stroke Centers-Remote Treatment Stroke Center"],"Street":"2460 Washington Rd","Zip":30824}
{"City":"Sylvania","County":"Screven","EMSRegion":6,"Hospital":"Optim Medical Screven","Latitude":32.75004685,"Longitude":-81.6469616449,"Phone Number":9125647426,"RegCoord":"J","Specialty center":[],"Street":"215 Mims Rd","Zip":30467}
{"City":"Washington","County":"Wilkes","EMSRegion":6,"Hospital":"Wills Memorial Hospital","Latitude":33.7285564,"Longitude":-82.7426976156,"Phone Number":7066782151,"RegCoord":"G","Specialty center":[],"Street":"120 Gordon St","Zip":30673}
{"City":"Louisville","County":"Jefferson","EMSRegion":6,"Hospital":"Jefferson Hospital","Latitude":33.0101744,"Longitude":-82.4055260834,"Phone Number":4786257000,"RegCoord":"G","Specialty center":[],"Street":"1067 Peachtree St","Zip":30434}
{"City":"Columbus","County":"Muscogee","EMSRegion":7,"Hospital":"Piedmont Columbus Regional - Midtown Camp","Latitude":32.48051245,"Longitude":-84.9818851369,"Phone Number":7065711000,"RegCoord":"I","Specialty center":[],"Street":"710 Center St","Zip":31901}
{"City":"Midland","County":"Muscogee","EMSRegion":7,"Hospital":"St. Francis Hospital","Latitude":32.575005,"Longitude":-84.827416,"Phone Number":7063202739,"RegCoord":"I","Specialty center":[],"Street":"2122 Manchester Expy","Zip":31820}
{"City":"Columbus","County":"Muscogee","EMSRegion":7,"Hospital":"Piedmont Columbus Regional - Northside","Latitude":32.53497465,"Longitude":-84.9512247199,"Phone Number":7064942100,"RegCoord":"I","Specialty center":[],"Street":"100 Frist Ct","Zip":31909}
{"City":"Montezuma","County":"Macon","EMSRegion":7,"Hospital":"Flint River Hospital","Latitude":32.2949104,"Longitude":-84.0305651637,"Phone Number":4784723100,"RegCoord":"I","Specialty center":[],"Street":"509 Sumter St","Zip":31063}
{"City":"Cuthbert","County":"Randolph","EMSRegion":7,"Hospital":"Southwest Ga Regional Medical Center","Latitude":31.77545205,"Longitude":-84.7936170581,"Phone Number":2297322181,"RegCoord":"K","Specialty center":[],"Street":"361 Randolph St","Zip":39840}
{"City":"Colquitt","County":"Miller","EMSRegion":8,"Hospital":"Miller County Hospital","Latitude":31.1750039012,"Longitude":-84.7344591746,"Phone Number":2297583304,"RegCoord":"K","Specialty center":[],"Street":"208 N Cuthbert St","Zip":39837}
{"City":"Albany","County":"Dougherty","EMSRegion":8,"Hospital":"Phoebe Putney Memorial Hospital","Latitude":31.59042535,"Longitude":-84.1575886701,"Phone Number":2293121000,"RegCoord":"K","Specialty center":["Stroke Centers-Primary Stroke Center","Neonatal Center Designation-Level III Neonatal Center","Maternal Center Designation-Level III Maternal Center"],"Street":"417 W 3rd Ave","Zip":31701}
{"City":"Cordele","County":"Crisp","EMSRegion":8,"Hospital":"Crisp Regional Hospital","Latitude":31.97761035,"Longitude":-83.7812682697,"Phone Number":2292763100,"RegCoord":"I","Specialty center":["Adult Trauma Centers-Level III"],"Street":"902 7th St N","Zip":31015}
{"City":"Americus","County":"Sumter","EMSRegion":8,"Hospital":"Phoebe Sumter Medical Center","Latitude":32.0713294914,"Longitude":-84.2469885227,"Phone Number":2299246011,"RegCoord":"K","Specialty center":[],"Street":"126 US-280","Zip":31719}
{"City":"Bainbridge","County":"Decatur","EMSRegion":8,"Hospital":"Memorial Hospital and Manor","Latitude":30.902932,"Longitude":-84.5522550998,"Phone Number":2292463500,"RegCoord":"K","Specialty center":[],"Street":"1500 E Shotwell St","Zip":39819}
{"City":"Tifton","County":"Tift","EMSRegion":8,"Hospital":"Tift Regional Medical Center","Latitude":31.470054,"Longitude":-83.498312,"Phone Number":2293827120,"RegCoord":"L","Specialty center":[],"Street":"901 18th St","Zip":31794}
{"City":"Thomasville","County":"Thomas","EMSRegion":8,"Hospital":"John D. Archbold Memorial Hospital","Latitude":30.825097,"Longitude":-83.973429,"Phone Number":2292282000,"RegCoord":"K","Specialty center":[],"Street":"915 Gordon Ave","Zip":31792}
{"City":"Moultrie","County":"Colquitt","EMSRegion":8,"Hospital":"Colquitt Regional Regional Medical Center","Latitude":31.12605395,"Longitude":-83.7803151768,"Phone Number":2299853420,"RegCoord":"K","Specialty center":[],"Street":"3131 S Main St","Zip":31768}
{"City":"Fitzgerald","County":"Ben Hill","EMSRegion":8,"Hospital":"Dorminy Medical Center","Latitude":31.69736595,"Longitude":-83.2599061811,"Phone Number":2294247100,"RegCoord":"L","Specialty center":[],"Street":"200 Perry House Rd","Zip":31750}
{"City":"Atlanta","County":"Grady","EMSRegion":8,"Hospital":"Grady General Hospital","Latitude":33.75169,"Longitude":-84.38312,"Phone Number":4046161000,"RegCoord":"K","Specialty center":[],"Street":"80 Jesse Hill Jr Dr SE","Zip":30303}
{"City":"Valdosta","County":"Lowndes","EMSRegion":8,"Hospital":"South Georgia Medical Center","Latitude":30.8614322,"Longitude":-83.286626839,"Phone Number":2294331000,"RegCoord":"L","Specialty center":["Stroke Centers-Primary Stroke Center"],"Street":"2501 N Patterson St","Zip":31602}
{"City":"Adel","County":"Cook","EMSRegion":8,"Hospital":"Southwell Medical","Latitude":31.083056,"Longitude":-83.427137,"Phone Number":2298968000,"RegCoord":"L","Specialty center":[],"Street":"260 M J Taylor Rd","Zip":31620}
{"City":"Lakeland","County":"Lanier","EMSRegion":8,"Hospital":"SGMC Lanier Campus","Latitude":31.04210655,"Longitude":-83.0863022834,"Phone Number":2294338440,"RegCoord":"L","Specialty center":[],"Street":"116 W Thigpen Ave","Zip":31635}
{"City":"Nashville","County":"Berrien","EMSRegion":8,"Hospital":"SGMC Berrien Campus","Latitude":31.2026956,"Longitude":-83.2387083516,"Phone Number":2294338600,"RegCoord":"L","Specialty center":[],"Street":"1221 E Mcpherson Ave","Zip":31639}
{"City":"Ocilla","County":"Irwin","EMSRegion":8,"Hospital":"Irwin County Hospital","Latitude":31.60330305,"Longitude":-83.2513399769,"Phone Number":2294683800,"RegCoord":"L","Specialty center":[],"Street":"710 N Irwin Ave","Zip":31774}
{"City":"Sylvester","County":"Worth","EMSRegion":8,"Hospital":"Phoebe Worth Medical Center","Latitude":31.5140553,"Longitude":-83.8392788,"Phone Number":2297766961,"RegCoord":"K","Specialty center":[],"Street":"807 S Isabella St","Zip":31791}
{"City":"Albany","County":"Dougherty","EMSRegion":8,"Hospital":"Phoebe Putney North","Latitude":31.6070142,"Longitude":-84.1696227624,"Phone Number":2294342000,"RegCoord":"K","Specialty center":[],"Street":"2000 Palmyra Rd","Zip":31701}
{"City":"Camilla","County":"Mitchell","EMSRegion":8,"Hospital":"Mitchell County Hospital","Latitude":31.2295186,"Longitude":-84.2054408564,"Phone Number":2293364600,"RegCoord":"K","Specialty center":[],"Street":"90 E Stephens St","Zip":31730}
{"City":"Blakely","County":"Early","EMSRegion":8,"Hospital":"Lifebrite Community Hospital of Early","Latitude":31.37433,"Longitude":-84.94634,"Phone Number":2297234241,"RegCoord":"K","Specialty center":[],"Street":"11740 Columbia Street","Zip":39823}
{"City":"Donalsonville","County":"Seminole","EMSRegion":8,"Hospital":"Donalsonville Hospital","Latitude":31.0511806,"Longitude":-84.8812745078,"Phone Number":2295245217,"RegCoord":"K","Specialty center":[],"Street":"102 N Wiley Ave","Zip":39845}
{"City":"Quitman","County":"Brooks","EMSRegion":8,"Hospital":"Brooks County Hospital","Latitude":30.79517535,"Longitude":-83.5590306267,"Phone Number":2292634171,"RegCoord":"K","Specialty center":[],"Street":"903 N Court St","Zip":31643}
{"City":"Statesboro","County":"Bulloch","EMSRegion":9,"Hospital":"East Georgia Regional Medical Center","Latitude":32.41478795,"Longitude":-81.7703609621,"Phone Number":9124861000,"RegCoord":"J","Specialty center":[],"Street":"1499 Fair Rd","Zip":30458}
{"City":"Hazlehurst","County":"Jeff Davis","EMSRegion":9,"Hospital":"Jeff Davis Hospital","Latitude":31.85720295,"Longitude":-82.6070982256,"Phone Number":9123757781,"RegCoord":"M","Specialty center":[],"Street":"163 S Tallahassee St","Zip":31539}
{"City":"Claxton","County":"Evans","EMSRegion":9,"Hospital":"Evans Memorial Hospital","Latitude":32.1662577,"Longitude":-81.89895937,"Phone Number":9127395000,"RegCoord":"J","Specialty center":[],"Street":"200 N River St","Zip":30417}
{"City":"Savannah","County":"Chatham","EMSRegion":9,"Hospital":"Memorial Health University Medical Center","Latitude":32.03124685,"Longitude":-81.0883514296,"Phone Number":9123508000,"RegCoord":"J","Specialty center":["Adult Trauma Centers-Level I","Stroke Centers-Comprehensive Stroke Center","Neonatal Center Designation-Level III Neonatal Center","Maternal Center Designation-Level III Maternal Center"],"Street":"4700 Waters Ave","Zip":31404}
{"City":"Waycross","County":"Ware","EMSRegion":9,"Hospital":"Memorial Satilla Health","Latitude":31.22425015,"Longitude":-82.3478955441,"Phone Number":9122833030,"RegCoord":"M","Specialty center":[],"Street":"1900 Tebeau St","Zip":31501}
{"City":"Jesup","County":"Wayne","EMSRegion":9,"Hospital":"Wayne Memorial Hospital","Latitude":31.6008496,"Longitude":-81.9002610442,"Phone Number":9124276811,"RegCoord":"M","Specialty center":[],"Street":"865 S 1st St","Zip":31545}
{"City":"Reidsville","County":"Tattnall","EMSRegion":9,"Hospital":"Optim Medical Tattnall","Latitude":32.080061,"Longitude":-82.1088808647,"Phone Number":9125571000,"RegCoord":"J","Specialty center":[],"Street":"247 S Main St","Zip":30453}
{"City":"Douglas","County":"Coffee","EMSRegion":9,"Hospital":"Coffee Regional Medical Center","Latitude":31.51083115,"Longitude":-82.864112609,"Phone Number":9123841900,"RegCoord":"M","Specialty center":["Stroke Centers-Remote Treatment Stroke Center"],"Street":"1101 Ocilla Rd","Zip":31533}
{"City":"Springfield","County":"Effingham","EMSRegion":9,"Hospital":"Effingham Health System","Latitude":32.3640153,"Longitude":-81.320902175,"Phone Number":9127546451,"RegCoord":"J","Specialty center":[],"Street":"459 GA-119","Zip":31329}
{"City":"Alma","County":"Bacon","EMSRegion":9,"Hospital":"Bacon County Hospital","Latitude":31.5391683,"Longitude":-82.4581429048,"Phone Number":9126328961,"RegCoord":"M","Specialty center":[],"Street":"302 S Wayne St","Zip":31510}
{"City":"Homerville","County":"Clinch","EMSRegion":9,"Hospital":"Clinch Memorial Hospital","Latitude":31.03392255,"Longitude":-82.7644291939,"Phone Number":9124875211,"RegCoord":"M","Specialty center":[],"Street":"1050 Valdosta Hwy","Zip":31634}
{"City":"Baxley","County":"Appling","EMSRegion":9,"Hospital":"Appling Healthcare","Latitude":31.7695680714,"Longitude":-82.3505393571,"Phone Number":9123679841,"RegCoord":"M","Specialty center":["Adult Trauma Centers-Level IV","Stroke Centers-Remote Treatment Stroke Center"],"Street":"163 E Tollison St","Zip":31513}
{"City":"Vidalia","County":"Toombs","EMSRegion":9,"Hospital":"Meadows Regional Medical Center","Latitude":32.20887,"Longitude":-82.37743,"Phone Number":9125355555,"RegCoord":"J","Specialty center":["Adult Trauma Centers-Level IV","Stroke Centers-Remote Treatment Stroke Center"],"Street":"1 Meadows Pkwy","Zip":30474}
{"City":"Hinesville","County":"Liberty","EMSRegion":9,"Hospital":"Liberty Regional Medical Center","Latitude":31.84006965,"Longitude":-81.6012875122,"Phone Number":9123699400,"RegCoord":"J","Specialty center":[],"Street":"462 Elma G Miles Pkwy","Zip":31313}
{"City":"Savannah","County":"Chatham","EMSRegion":9,"Hospital":"St. Joseph's Hospital","Latitude":31.98593,"Longitude":-81.1551023751,"Phone Number":9128194100,"RegCoord":null,"Specialty center":[],"Street":"11705 Mercy Boulevard","Zip":31419}
{"City":"St Marys","County":"Camden","EMSRegion":9,"Hospital":"Southeast Georgia Health System St Marys","Latitude":30.7809652,"Longitude":-81.6146147979,"Phone Number":9125766200,"RegCoord":"J","Specialty center":[],"Street":"2000 Dan Proctor Dr","Zip":31558}
{"City":"Brunswick","County":"Glynn","EMSRegion":9,"Hospital":"Southeast Georgia Health System Brunswick","Latitude":31.17576015,"Longitude":-81.4848252864,"Phone Number":9124667000,"RegCoord":"J","Specialty center":[],"Street":"2415 Parkwood Dr","Zip":31520}
{"City":"Savannah","County":"Chatham","EMSRegion":9,"Hospital":"St. Joseph's Candler Hospital","Latitude":32.0277204,"Longitude":-81.1002568,"Phone Number":9123693954,"RegCoord":"J","Specialty center":[],"Street":"5353 Reynolds St.","Zip":31405}
{"City":"Fort Stewart","County":"Liberty","EMSRegion":9,"Hospital":"Fort Stewart Winn Army","Latitude":31.8720935,"Longitude":-81.6006048346,"Phone Number":9124356633,"RegCoord":"J","Specialty center":[],"Street":"1061 Harmon Ave","Zip":31314}
{"City":"Metter","County":"Candler","EMSRegion":9,"Hospital":"Candler County Hospital - Metter","Latitude":32.4069858,"Longitude":-82.065633879,"Phone Number":9126855741,"RegCoord":"J","Specialty center":[],"Street":"400 Cedar St","Zip":30439}
{"City":"Conyers","County":"Rockdale","EMSRegion":10,"Hospital":"Piedmont Rockdale","Latitude":33.68112045,"Longitude":-84.0017009137,"Phone Number":7709183000,"RegCoord":"D","Specialty center":[],"Street":"1412 Milstead Ave NE","Zip":30012}
{"City":"Greensboro","County":"Greene","EMSRegion":10,"Hospital":"St. Marys Good Samaritan Hospital","Latitude":33.540433,"Longitude":-83.209813,"Phone Number":7064537331,"RegCoord":"E","Specialty center":["Stroke Centers-Remote Treatment Stroke Center"],"Street":"5401 Lake Oconee Pkwy","Zip":30642}
{"City":"Athens","County":"Clarke","EMSRegion":10,"Hospital":"Piedmont Athens Regional Medical Center","Latitude":33.96067055,"Longitude":-83.3994482397,"Phone Number":7064757000,"RegCoord":"E","Specialty center":["Adult Trauma Centers-Level II","Stroke Centers-Primary Stroke Center","Neonatal Center Designation-Level III Neonatal Center"],"Street":"1199 Prince Ave","Zip":30606}
{"City":"Athens","County":"Clarke","EMSRegion":10,"Hospital":"St. Marys Hospital","Latitude":33.94745715,"Longitude":-83.4052960369,"Phone Number":7063893000,"RegCoord":"E","Specialty center":["Stroke Centers-Primary Stroke Center","Neonatal Center Designation-Level II Neonatal Center","Maternal Center Designation-Level II Maternal Center"],"Street":"1230 Baxter St","Zip":30606}
{"City":"Winder","County":"Barrow","EMSRegion":10,"Hospital":"NGMC Barrow","Latitude":34.00742665,"Longitude":-83.7076404712,"Phone Number":7708673400,"RegCoord":"E","Specialty center":[],"Street":"316 N Broad St","Zip":30680}
{"City":"Elberton","County":"Elbert","EMSRegion":10,"Hospital":"Elbert Memorial Hospital","Latitude":34.11364035,"Longitude":-82.8750238024,"Phone Number":7062833151,"RegCoord":"E","Specialty center":[],"Street":"4 Medical Dr","Zip":30635}
{"City":"Monroe","County":"Walton","EMSRegion":10,"Hospital":"Piedmont Walton Hospital","Latitude":33.7989942,"Longitude":-83.750001906,"Phone Number":7702678461,"RegCoord":"E","Specialty center":[],"Street":"2151 W Spring St","Zip":30655}
{"City":"Madison","County":"Morgan","EMSRegion":10,"Hospital":"Morgan Medical Center","Latitude":33.5702383,"Longitude":-83.4662502,"Phone Number":7063421667,"RegCoord":"E","Specialty center":["Adult Trauma Centers-Level IV","Stroke Centers-Remote Treatment Stroke Center"],"Street":"1740 Lions Club Rd","Zip":30650}